0,0,AAPL,BUY,BAD_INPUT,0,0.000000,NEW,REJECTED,0,0.000000,0
1617278400000000100,0,AAPL,SELL,BAD_INPUT,0,0.000000,NEW,REJECTED,0,0.000000,0
1617278400000000300,0,AAPL,ERROR,BAD_INPUT,0,0.000000,NEW,REJECTED,0,0.000000,0
1617278400000000400,0,AAPL,BUY,BAD_INPUT,0,0.000000,MODIFY,REJECTED,0,0.000000,0
1617278400000000500,0,AAPL,SELL,BAD_INPUT,0,0.000000,CANCEL,REJECTED,0,0.000000,0
1617278400000000600,0,AAPL,SELL,BAD_INPUT,0,0.000000,CANCEL,REJECTED,0,0.000000,0
1617278400000000700,0,AAPL,SELL,BAD_INPUT,0,0.000000,ERROR,REJECTED,0,0.000000,0
